observation_id,sso_name,ra_deg_1,dec_deg_1,ra_deg_2,dec_deg_2,filter,xmatch_type,FITS_FILE,DECISION
0148880101,Pesonen,143.07808,-11.071041,143.15459,-11.05193,L,2,,N
0201902401,Richardbaum,312.04135,-17.95731,312.1351,-17.939861,L,2,/Users/pau/git/phc1990/tfm-viu/temp/0201902401/L/P0201902401OMS403SIMAGE1000.FTZ,N
0201902401,Richardbaum,312.04135,-17.95731,312.1351,-17.939861,L,2,/Users/pau/git/phc1990/tfm-viu/temp/0201902401/L/P0201902401OMS404SIMAGE1000.FTZ,N
0203360701,2000 AE149,150.4127,2.501,150.47028,2.465165,L,2,,N
0300240101,Mucha,139.65082,16.330862,139.72375,16.316349,L,2,,N
