observation,sso_name,ra1,dec1,ra2,dec2,filters,x_type
0721010501,1989 ST10,262.0557056,-14.185319,262.5758778,-14.32163672,S;M;L;U;B;V,2
0722310201,Auster,311.8667542,-10.03062875,312.1446029,-9.988439417,M;L;U,2
0723800701,1981 FT,181.0776443,1.763994861,181.4599945,1.556985611,S;M;L;U;B;V,4
0727771001,1988 XT1,329.8151669,-30.24738586,329.9649954,-30.22888356,S;M;L;B,2
0740920301,Tampere,189.9916692,-5.242599694,190.0440417,-5.266937222,S;L;U,2
0742570101,1990 QT9,130.4161485,19.43254819,130.512747,19.40390586,M;L;U,2
0743050301,2000 SL1,13.22112492,12.73247244,14.08068717,12.77018519,S;M;L;U;B;V,3
0743630501,2000 SG234,266.160831,-28.99608153,266.4460373,-29.01865606,M;L;U,2