observation,sso_name,ra1,dec1,ra2,dec2,filters,x_type
0692330401,Ivanka,112.1893285,33.89455739,112.3496495,33.93021694,M;L;U,2